id,label
test_001,
test_002,
test_003,
test_004,
test_005,
test_006,
test_007,
test_008,
test_009,
test_010,
test_011,
test_012,
test_013,
test_014,
test_015,
test_016,
test_017,
test_018,
test_019,
test_020,
test_021,
test_022,
test_023,
test_024,
test_025,
test_026,
test_027,
test_028,
test_029,
test_030,
test_031,
test_032,
test_033,
test_034,
test_035,
test_036,
test_037,
test_038,
test_039,
test_040,
test_041,
test_042,
test_043,
test_044,
test_045,
test_046,
test_047,
test_048,
test_049,
test_050,
test_051,
test_052,
test_053,
test_054,
test_055,
test_056,
test_057,
test_058,
test_059,
test_060,
test_061,
test_062,
test_063,
test_064,
test_065,
test_066,
test_067,
test_068,
test_069,
test_070,
test_071,
test_072,
test_073,
test_074,
test_075,
test_076,
test_077,
test_078,
test_079,
test_080,
test_081,
test_082,
test_083,
test_084,
test_085,
test_086,
test_087,
test_088,
test_089,
test_090,
test_091,
test_092,
test_093,
test_094,
test_095,
test_096,
test_097,
test_098,
test_099,
test_100,
test_101,
test_102,
test_103,
test_104,
test_105,
test_106,
test_107,
test_108,
test_109,
test_110,
test_111,
test_112,
test_113,
test_114,
test_115,
test_116,
test_117,
test_118,
test_119,
test_120,
test_121,
test_122,
test_123,
test_124,
test_125,
test_126,
test_127,
test_128,
test_129,
test_130,
test_131,
test_132,
test_133,
test_134,
test_135,
test_136,
test_137,
test_138,
test_139,
test_140,
test_141,
test_142,
test_143,
test_144,
test_145,
test_146,
test_147,
test_148,
test_149,
test_150,
test_151,
test_152,
test_153,
test_154,
test_155,
test_156,
test_157,
test_158,
test_159,
test_160,
test_161,
test_162,
test_163,
test_164,
test_165,
test_166,
test_167,
test_168,
test_169,
test_170,
test_171,
test_172,
test_173,
test_174,
test_175,
test_176,
test_177,
test_178,
test_179,
test_180,
test_181,
test_182,
test_183,
test_184,
test_185,
test_186,
test_187,
test_188,
test_189,
test_190,
test_191,
test_192,
test_193,
test_194,
test_195,
test_196,
test_197,
test_198,
test_199,
test_200,
test_201,
test_202,
test_203,
test_204,
test_205,
test_206,
test_207,
test_208,
test_209,
test_210,
test_211,
test_212,
test_213,
test_214,
test_215,
test_216,
test_217,
test_218,
test_219,
test_220,
test_221,
test_222,
test_223,
test_224,
test_225,
test_226,
test_227,
test_228,
test_229,
test_230,
test_231,
test_232,
test_233,
test_234,
test_235,
test_236,
test_237,
test_238,
test_239,
test_240,
test_241,
test_242,
test_243,
test_244,
test_245,
test_246,
test_247,
test_248,
test_249,
test_250,
test_251,
test_252,
test_253,
test_254,
test_255,
test_256,
test_257,
test_258,
test_259,
test_260,
test_261,
test_262,
test_263,
test_264,
test_265,
test_266,
test_267,
test_268,
test_269,
test_270,
test_271,
test_272,
test_273,
test_274,
test_275,
test_276,
test_277,
test_278,
test_279,
test_280,
test_281,
test_282,
test_283,
test_284,
test_285,
test_286,
test_287,
test_288,
test_289,
test_290,
test_291,
test_292,
test_293,
test_294,
test_295,
test_296,
test_297,
test_298,
test_299,
test_300,
test_301,
test_302,
test_303,
test_304,
test_305,
test_306,
test_307,
test_308,
test_309,
test_310,
test_311,
test_312,
test_313,
test_314,
test_315,
test_316,
test_317,
test_318,
test_319,
test_320,
test_321,
test_322,
test_323,
test_324,
test_325,
test_326,
test_327,
test_328,
test_329,
test_330,
test_331,
test_332,
test_333,
test_334,
test_335,
test_336,
test_337,
test_338,
test_339,
test_340,
test_341,
test_342,
test_343,
test_344,
test_345,
test_346,
test_347,
test_348,
test_349,
test_350,
test_351,
test_352,
test_353,
test_354,
test_355,
test_356,
test_357,
test_358,
test_359,
test_360,
test_361,
test_362,
test_363,
test_364,
test_365,
test_366,
test_367,
test_368,
test_369,
test_370,
test_371,
test_372,
test_373,
test_374,
test_375,
test_376,
test_377,
test_378,
test_379,
test_380,
test_381,
test_382,
test_383,
test_384,
test_385,
test_386,
test_387,
test_388,
test_389,
test_390,
test_391,
test_392,
test_393,
test_394,
test_395,
test_396,
test_397,
test_398,
test_399,
test_400,
test_401,
test_402,
test_403,
test_404,
